{
  "ACCELERATION_ENABLED": true,
  "ACCELERATION_RARITY": 2,
  "ACCELERATION_SOFT_CAP": 5,
  "ACCELERATION_HARD_CAP": 5,
  "ACCELERATION_BASE_POWER": -9,
  "ACCELERATION_POWER_PER_RANK": 10,
  "ACCELERATION_POWER_RANGE": 50,
  "ACCELERATION_TIMEOUT": 50,
  "ATTRACTION_RANGE": 5,
  "ATTRACTION_STRENGTH": 0.03,
  "AIRLINE_ENABLED": true,
  "AIRLINE_RARITY": 3,
  "AIRLINE_SOFT_CAP": 3,
  "AIRLINE_HARD_CAP": 5,
  "AIRLINE_BASE_POWER": 5,
  "AIRLINE_POWER_PER_RANK": 10,
  "AIRLINE_POWER_RANGE": 50,
  "AIRLINE_BASE_DURATION": 0,
  "AIRLINE_DURATION_PER_RANK": 40,
  "ATTRACTIVE_ENABLED": true,
  "ATTRACTIVE_RARITY": 3,
  "ATTRACTIVE_SOFT_CAP": 1,
  "ATTRACTIVE_HARD_CAP": 1,
  "ATTRACTIVE_BASE_POWER": 0,
  "ATTRACTIVE_POWER_PER_RANK": 20,
  "ATTRACTIVE_POWER_RANGE": 50,
  "BUFFERED_ENABLED": true,
  "BUFFERED_RARITY": 2,
  "BUFFERED_SOFT_CAP": 3,
  "BUFFERED_HARD_CAP": 3,
  "BUFFERED_BASE_POWER": -3,
  "BUFFERED_POWER_PER_RANK": 8,
  "BUFFERED_POWER_RANGE": 50,
  "BUFFER_RECOVERY_RATE": 180.0,
  "BUFFER_MAX_PER_RANK": 2.0,
  "BUFFER_DISPLAY": "aura",
  "CAVE_IN_ENABLED": true,
  "CAVE_IN_RARITY": 4,
  "CAVE_IN_SOFT_CAP": 3,
  "CAVE_IN_HARD_CAP": 5,
  "CAVE_IN_BASE_POWER": 0,
  "CAVE_IN_POWER_PER_RANK": 10,
  "CAVE_IN_POWER_RANGE": 50,
  "CAVE_IN_MAX_BLAST_RES": 99,
  "DEATH_WISH_ENABLED": true,
  "DEATH_WISH_RARITY": 3,
  "DEATH_WISH_SOFT_CAP": 4,
  "DEATH_WISH_HARD_CAP": 4,
  "DEATH_WISH_BASE_POWER": -10,
  "DEATH_WISH_POWER_PER_RANK": 11,
  "DEATH_WISH_POWER_RANGE": 50,
  "DEATH_WISH_DAMAGE_FACTOR_BASE": 0.05,
  "DEATH_WISH_DAMAGE_FACTOR_PER_LEVEL": 0.05,
  "DEMOLITION_ENABLED": true,
  "DEMOLITION_RARITY": 2,
  "DEMOLITION_SOFT_CAP": 5,
  "DEMOLITION_HARD_CAP": 8,
  "DEMOLITION_BASE_POWER": -9,
  "DEMOLITION_POWER_PER_RANK": 10,
  "DEMOLITION_POWER_RANGE": 50,
  "DEMOLITION_BASE_EXPLOSION_POWER": 1.0,
  "DEMOLITION_EXPLOSION_POWER_PER_RANK": 0.5,
  "DULLNESS_ENABLED": true,
  "DULLNESS_RARITY": 3,
  "DULLNESS_SOFT_CAP": 5,
  "DULLNESS_HARD_CAP": 5,
  "DULLNESS_BASE_POWER": -7,
  "DULLNESS_POWER_PER_RANK": 8,
  "DULLNESS_POWER_RANGE": 50,
  "FISHER_OF_MEN_ENABLED": true,
  "FISHER_OF_MEN_RARITY": 4,
  "FISHER_OF_MEN_SOFT_CAP": 3,
  "FISHER_OF_MEN_HARD_CAP": 3,
  "FISHER_OF_MEN_BASE_POWER": -1,
  "FISHER_OF_MEN_POWER_PER_RANK": 10,
  "FISHER_OF_MEN_POWER_RANGE": 50,
  "FISHER_OF_MEN_BASE_DAMAGE": 2.0,
  "FISHER_OF_MEN_DAMAGE_PER_LEVEL": 1.5,
  "FLESH_WOUND_ABSORPTION_PER_DAMAGE_PER_LEVEL": 0.125,
  "FLESH_WOUND_ENABLED": true,
  "FLESH_WOUND_RARITY": 2,
  "FLESH_WOUND_SOFT_CAP": 4,
  "FLESH_WOUND_HARD_CAP": 4,
  "FLESH_WOUND_BASE_POWER": -10,
  "FLESH_WOUND_POWER_PER_RANK": 11,
  "FLESH_WOUND_POWER_RANGE": 50,
  "HEARTY_ENABLED": true,
  "HEARTY_RARITY": 2,
  "HEARTY_SOFT_CAP": 4,
  "HEARTY_HARD_CAP": 4,
  "HEARTY_BASE_POWER": -10,
  "HEARTY_POWER_PER_RANK": 11,
  "HEARTY_POWER_RANGE": 50,
  "HEARTY_HEALTH_FACTOR_BASE": 0.1,
  "HEARTY_HEALTH_FACTOR_PER_LEVEL": 0.1,
  "IMPERSONAL_ENABLED": true,
  "IMPERSONAL_RARITY": 3,
  "IMPERSONAL_SOFT_CAP": 1,
  "IMPERSONAL_HARD_CAP": 1,
  "IMPERSONAL_BASE_POWER": 0,
  "IMPERSONAL_POWER_PER_RANK": 20,
  "IMPERSONAL_POWER_RANGE": 50,
  "INTIMACY_DURATION": 12000,
  "JOUSTING_ENABLED": true,
  "JOUSTING_RARITY": 2,
  "JOUSTING_SOFT_CAP": 3,
  "JOUSTING_HARD_CAP": 3,
  "JOUSTING_BASE_POWER": -15,
  "JOUSTING_POWER_PER_RANK": 16,
  "JOUSTING_POWER_RANGE": 50,
  "LAUNCHING_ENABLED": true,
  "LAUNCHING_RARITY": 3,
  "LAUNCHING_SOFT_CAP": 2,
  "LAUNCHING_HARD_CAP": 2,
  "LAUNCHING_BASE_POWER": -15,
  "LAUNCHING_POWER_PER_RANK": 20,
  "LAUNCHING_POWER_RANGE": 50,
  "LEGACY_ENABLED": true,
  "LEGACY_RARITY": 3,
  "LEGACY_SOFT_CAP": 1,
  "LEGACY_HARD_CAP": 1,
  "LEGACY_BASE_POWER": 10,
  "LEGACY_POWER_PER_RANK": 0,
  "LEGACY_POWER_RANGE": 50,
  "METABOLISING_ENABLED": true,
  "METABOLISING_RARITY": 3,
  "METABOLISING_SOFT_CAP": 1,
  "METABOLISING_HARD_CAP": 1,
  "METABOLISING_BASE_POWER": 15,
  "METABOLISING_POWER_PER_RANK": 10,
  "METABOLISING_POWER_RANGE": 50,
  "METABOLISING_EXHAUSTION_COST": 3.0,
  "METABOLISING_FOOD_THRESHOLD": 18,
  "MONOGAMOUS_ENABLED": true,
  "MONOGAMOUS_RARITY": 4,
  "MONOGAMOUS_SOFT_CAP": 1,
  "MONOGAMOUS_HARD_CAP": 1,
  "MONOGAMOUS_BASE_POWER": -10,
  "MONOGAMOUS_POWER_PER_RANK": 20,
  "MONOGAMOUS_POWER_RANGE": 50,
  "MOUNTED_ENABLED": false,
  "MOUNTED_RARITY": 2,
  "MOUNTED_SOFT_CAP": 5,
  "MOUNTED_HARD_CAP": 5,
  "MOUNTED_BASE_POWER": -7,
  "MOUNTED_POWER_PER_RANK": 8,
  "MOUNTED_POWER_RANGE": 50,
  "MOUNTED_DAMAGE_BASE": 0.0,
  "MOUNTED_DAMAGE_PER_LEVEL": 1.5,
  "MOUNTED_PROJECTILE_BASE": 0.5,
  "MOUNTED_PROJECTILE_PER_LEVEL": 0.3,
  "OUTBURST_ENABLED": true,
  "OUTBURST_RARITY": 3,
  "OUTBURST_SOFT_CAP": 3,
  "OUTBURST_HARD_CAP": 3,
  "OUTBURST_BASE_POWER": -10,
  "OUTBURST_POWER_PER_RANK": 20,
  "OUTBURST_POWER_RANGE": 50,
  "OUTBURST_RAGE_PER_HIT": 2,
  "OUTBURST_RAGE_THRESHOLD": 6,
  "OUTBURST_SHOCKWAVE_FORCE": 0.5,
  "OUTBURST_SHOCKWAVE_POWER": 6.0,
  "OUTBURST_SHOCKWAVE_RANGE": 2.0,
  "PHASE_LEAP_ENABLED": true,
  "PHASE_LEAP_RARITY": 3,
  "PHASE_LEAP_SOFT_CAP": 3,
  "PHASE_LEAP_HARD_CAP": 3,
  "PHASE_LEAP_BASE_POWER": 0,
  "PHASE_LEAP_POWER_PER_RANK": 15,
  "PHASE_LEAP_POWER_RANGE": 50,
  "PHASE_STRAFE_ENABLED": true,
  "PHASE_STRAFE_RARITY": 3,
  "PHASE_STRAFE_SOFT_CAP": 3,
  "PHASE_STRAFE_HARD_CAP": 3,
  "PHASE_STRAFE_BASE_POWER": 0,
  "PHASE_STRAFE_POWER_PER_RANK": 15,
  "PHASE_STRAFE_POWER_RANGE": 50,
  "PHOTOSYNTHETIC_ENABLED": true,
  "PHOTOSYNTHETIC_RARITY": 3,
  "PHOTOSYNTHETIC_SOFT_CAP": 1,
  "PHOTOSYNTHETIC_HARD_CAP": 1,
  "PHOTOSYNTHETIC_BASE_POWER": 15,
  "PHOTOSYNTHETIC_POWER_PER_RANK": 10,
  "PHOTOSYNTHETIC_POWER_RANGE": 50,
  "PHOTOSYNTHETIC_LIGHT_MINIMUM": 8,
  "PHOTOSYNTHETIC_REPAIR_PERIOD": 40,
  "POLYGAMOUS_ENABLED": true,
  "POLYGAMOUS_RARITY": 3,
  "POLYGAMOUS_SOFT_CAP": 1,
  "POLYGAMOUS_HARD_CAP": 1,
  "POLYGAMOUS_BASE_POWER": -10,
  "POLYGAMOUS_POWER_PER_RANK": 20,
  "POLYGAMOUS_POWER_RANGE": 50,
  "PROSPECTOR_RADIUS": 3,
  "PRIMING_ENABLED": true,
  "PRIMING_RARITY": 3,
  "PRIMING_SOFT_CAP": 5,
  "PRIMING_HARD_CAP": 5,
  "PRIMING_BASE_POWER": 5,
  "PRIMING_POWER_PER_RANK": 5,
  "PRIMING_POWER_RANGE": 20,
  "PROSPECTOR_ENABLED": true,
  "PROSPECTOR_RARITY": 3,
  "PROSPECTOR_SOFT_CAP": 3,
  "PROSPECTOR_HARD_CAP": 3,
  "PROSPECTOR_BASE_POWER": 6,
  "PROSPECTOR_POWER_PER_RANK": 9,
  "PROSPECTOR_POWER_RANGE": 50,
  "RAMPAGE_ENABLED": true,
  "RAMPAGE_RARITY": 3,
  "RAMPAGE_SOFT_CAP": 3,
  "RAMPAGE_HARD_CAP": 3,
  "RAMPAGE_BASE_POWER": -15,
  "RAMPAGE_POWER_PER_RANK": 16,
  "RAMPAGE_POWER_RANGE": 50,
  "RAMPAGE_DAMAGE_BASE": 5.0,
  "RAMPAGE_DAMAGE_PER_LEVEL": 5.0,
  "RAMPAGE_DURATION_BASE": 20,
  "RAMPAGE_DURATION_PER_LEVEL": 10,
  "RED_ALERT_ENABLED": true,
  "RED_ALERT_RARITY": 2,
  "RED_ALERT_SOFT_CAP": 4,
  "RED_ALERT_HARD_CAP": 4,
  "RED_ALERT_BASE_POWER": -10,
  "RED_ALERT_POWER_PER_RANK": 11,
  "RED_ALERT_POWER_RANGE": 50,
  "RED_ALERT_RECOVERY_RATE": 240,
  "RED_ALERT_RECOVERY_REDUCTION": 40,
  "RED_ALERT_SHIELD_DURATION": 600,
  "RED_ALERT_MINIMUM_RECOVERY_TIME": 20,
  "REPULSIVE_ENABLED": true,
  "REPULSIVE_RARITY": 3,
  "REPULSIVE_SOFT_CAP": 1,
  "REPULSIVE_HARD_CAP": 1,
  "REPULSIVE_BASE_POWER": 0,
  "REPULSIVE_POWER_PER_RANK": 20,
  "REPULSIVE_POWER_RANGE": 50,
  "ROCK_COLLECTOR_ENABLED": true,
  "ROCK_COLLECTOR_RARITY": 4,
  "ROCK_COLLECTOR_SOFT_CAP": 1,
  "ROCK_COLLECTOR_HARD_CAP": 1,
  "ROCK_COLLECTOR_BASE_POWER": -19,
  "ROCK_COLLECTOR_POWER_PER_RANK": 20,
  "ROCK_COLLECTOR_POWER_RANGE": 50,
  "SATURATED_ENABLED": true,
  "SATURATED_RARITY": 2,
  "SATURATED_SOFT_CAP": 3,
  "SATURATED_HARD_CAP": 3,
  "SATURATED_BASE_POWER": -3,
  "SATURATED_POWER_PER_RANK": 8,
  "SATURATED_POWER_RANGE": 50,
  "SATURATED_EXHAUSTION_COST": 1.0,
  "SATURATED_FOOD_THRESHOLD": 20,
  "SELFISH_ENABLED": true,
  "SELFISH_RARITY": 3,
  "SELFISH_SOFT_CAP": 1,
  "SELFISH_HARD_CAP": 1,
  "SELFISH_BASE_POWER": 15,
  "SELFISH_POWER_PER_RANK": 10,
  "SELFISH_POWER_RANGE": 50,
  "SKOTOSYNTHETIC_ENABLED": true,
  "SKOTOSYNTHETIC_RARITY": 3,
  "SKOTOSYNTHETIC_SOFT_CAP": 1,
  "SKOTOSYNTHETIC_HARD_CAP": 1,
  "SKOTOSYNTHETIC_BASE_POWER": 15,
  "SKOTOSYNTHETIC_POWER_PER_RANK": 10,
  "SKOTOSYNTHETIC_POWER_RANGE": 50,
  "SKOTOSYNTHETIC_LIGHT_MAXIMUM": 7,
  "SKOTOSYNTHETIC_REPAIR_PERIOD": 40,
  "SPIKES_ENABLED": true,
  "SPIKES_RARITY": 3,
  "SPIKES_SOFT_CAP": 3,
  "SPIKES_HARD_CAP": 3,
  "SPIKES_BASE_POWER": -10,
  "SPIKES_POWER_PER_RANK": 20,
  "SPIKES_POWER_RANGE": 50,
  "SPIKES_DAMAGE_PER_LEVEL": 0.5,
  "TETHERING_ENABLED": true,
  "TETHERING_RARITY": 2,
  "TETHERING_SOFT_CAP": 3,
  "TETHERING_HARD_CAP": 3,
  "TETHERING_BASE_POWER": 5,
  "TETHERING_POWER_PER_RANK": 10,
  "TETHERING_POWER_RANGE": 50,
  "TETHER_ATTRACTION_FACTOR": 1.0,
  "TETHER_LEASH_LENGTH": 5.0,
  "TROPHY_COLLECTOR_ENABLED": true,
  "TROPHY_COLLECTOR_RARITY": 4,
  "TROPHY_COLLECTOR_SOFT_CAP": 1,
  "TROPHY_COLLECTOR_HARD_CAP": 1,
  "TROPHY_COLLECTOR_BASE_POWER": -19,
  "TROPHY_COLLECTOR_POWER_PER_RANK": 20,
  "TROPHY_COLLECTOR_POWER_RANGE": 50,
  "COLLECTOR_DISPLAY_UPDATE_PERIOD": 20,
  "COLLECTOR_WINDOW_SIZE": 10,
  "POWER_TO_EXCEED_SOFT_CAP": 20,
  "DISABLE_INCOMPATIBILITY": false,
  "DESTRUCTIVE_SHOCKWAVES": false,
  "UNLIMITED_CAVE_IN": false,
  "TAKE_ANY_TROPHY": false,
  "COLLECT_ANY_ROCK": false,
  "YANDERE_TOOLS": false
}